iter	Logloss
0	0.6870136326
50	0.5094267254
100	0.4493473851
150	0.4236281489
200	0.4100668769
250	0.4013020687
300	0.3939214192
350	0.3877816947
400	0.3821386447
450	0.3766851218
499	0.37176774
